,City,Cloudiness,Country,Date,Humidity,Lat,Lng,Max Temp,Wind Speed
0,rikitea,99,PF,1586533221,80,-23.12,-134.97,24.7,5.24
1,darab,94,IR,1586533221,17,28.75,54.54,26.23,7.5
2,berlevag,100,NO,1586533221,91,70.86,29.09,-1.56,7.88
3,kavieng,100,PG,1586533221,77,-2.57,150.8,28.61,3.42
4,hilo,90,US,1586533221,78,19.73,-155.09,23.0,2.1
5,barrow,1,US,1586532931,91,71.29,-156.79,-28.0,3.1
6,longyearbyen,20,SJ,1586532927,60,78.22,15.64,-15.0,2.6
7,busselton,100,AU,1586533221,45,-33.65,115.33,22.22,6.29
8,constitucion,2,CL,1586533221,60,-35.33,-72.42,16.44,1.25
9,san patricio,60,ML,1586533221,6,13.3,-4.9,40.99,1.47
10,hobart,75,AU,1586533221,93,-42.88,147.33,13.33,2.6
11,upernavik,17,GL,1586533221,86,72.79,-56.15,-8.08,2.35
12,yellowknife,40,CA,1586532948,71,62.46,-114.35,-12.22,6.7
13,sitka,20,US,1586533208,80,57.05,-135.33,-1.0,2.49
14,omboue,65,GA,1586533222,84,-1.57,9.26,28.56,4.85
15,kapaa,20,US,1586533188,88,22.08,-159.32,19.0,3.1
16,hithadhoo,4,MV,1586533222,63,-0.6,73.08,29.35,1.92
17,corn island,0,FR,1586533222,21,44.61,1.9,22.22,5.7
18,srednekolymsk,0,RU,1586533185,91,67.45,153.68,-9.29,4.67
19,new norfolk,6,LR,1586533222,47,6.65,-10.59,33.96,2.36
20,yeppoon,83,AU,1586533222,94,-23.13,150.73,21.0,1.24
21,norman wells,1,US,1586533094,40,35.22,-97.44,12.22,5.1
22,ushuaia,75,AR,1586533222,61,-54.8,-68.3,8.0,12.9
23,sao filipe,0,IN,1586533222,11,20.51,76.21,32.25,1.89
24,puerto ayora,20,ES,1586533091,64,36.59,-6.23,22.0,4.1
25,souillac,40,MU,1586533223,78,-20.52,57.52,26.0,6.2
26,cherskiy,28,RU,1586533223,88,68.75,161.3,-16.42,9.29
27,kroonstad,90,ZA,1586533223,24,-27.65,27.23,24.36,1.99
28,vsetaty,82,CZ,1586533223,36,50.28,14.59,17.78,2.6
29,joshimath,100,IN,1586533223,26,30.57,79.57,9.37,2.62
30,luau,100,AO,1586533223,65,-10.71,22.22,22.28,1.73
31,jamestown,90,US,1586533223,86,42.1,-79.24,3.0,8.2
32,hienghene,39,NC,1586533223,75,-20.68,164.93,23.19,3.88
33,albany,75,US,1586533202,52,42.6,-73.97,7.22,12.9
34,krasavino,100,RU,1586533223,92,60.96,46.48,0.48,4.63
35,iqaluit,20,CA,1586533223,71,63.75,-68.51,-14.0,1.0
36,calbuco,90,CL,1586533223,93,-41.77,-73.13,13.0,5.1
37,dalbandin,65,PK,1586533223,20,28.89,64.41,27.97,4.01
38,mount isa,100,GB,1586533224,46,53.66,-1.85,22.22,3.1
39,hermanus,0,ZA,1586533224,84,-34.42,19.23,22.78,4.02
40,concordia,40,AR,1586533224,56,-31.39,-58.02,21.11,5.1
41,samarai,20,PG,1586533224,82,-10.62,150.67,26.04,2.34
42,east london,75,IS,1586533224,69,65.0,-15.0,3.0,5.1
43,klaksvik,100,FO,1586533224,81,62.23,-6.59,8.0,8.2
44,weligama,36,LK,1586533224,83,5.97,80.42,26.15,1.55
45,port macquarie,68,CD,1586533224,55,-7.03,29.76,26.07,2.54
46,cape town,90,CL,1586533224,100,-36.41,-71.9,9.0,1.5
47,wanaka,0,NZ,1586533224,60,-44.7,169.15,7.6,2.96
48,ocampo,0,MX,1586533224,11,21.65,-101.5,20.09,2.75
49,daud khel,0,PK,1586533225,50,25.31,62.23,28.88,4.61
50,saskylakh,80,RU,1586533225,94,71.92,114.08,-3.47,8.11
51,atuona,6,PF,1586533180,74,-9.8,-139.03,27.73,4.47
52,kamaishi,20,JP,1586533225,77,39.27,141.88,3.33,4.8
53,naze,44,JP,1586533225,82,28.37,129.48,14.0,1.5
54,cabo san lucas,40,BR,1586533225,66,-8.28,-35.03,32.0,3.6
55,quelimane,54,MZ,1586533225,78,-17.88,36.89,24.74,3.75
56,mut,70,TR,1586533225,29,36.64,33.44,18.77,7.1
57,punta arenas,62,PH,1586533225,81,8.99,125.34,24.32,1.78
58,gunjur,0,GM,1586533225,36,13.2,-16.73,29.99,5.45
59,georgetown,40,MY,1586533225,79,5.41,100.34,30.0,2.1
60,college,90,US,1586533225,66,64.86,-147.8,-8.0,1.5
61,kavaratti,0,IN,1586533226,67,10.57,72.64,29.47,3.3
62,port alfred,68,CD,1586533226,55,-7.03,29.76,26.07,2.54
63,khatanga,100,RU,1586533226,95,71.97,102.5,-2.64,7.27
64,pevek,0,RU,1586533226,86,69.7,170.31,-20.59,7.97
65,trincomalee,0,LK,1586533226,70,8.57,81.23,28.1,4.43
66,tonj,49,SS,1586533226,31,7.27,28.68,35.18,2.05
67,thompson,75,CA,1586533224,52,55.74,-97.86,-7.0,1.5
68,hastings,3,GB,1586533039,67,50.86,0.57,23.0,8.2
69,guerrero negro,0,MX,1586533226,14,17.67,-100.0,29.56,1.03
70,saint-philippe,75,RE,1586533226,74,-21.36,55.77,26.0,8.7
71,brylivka,31,UA,1586533226,68,46.42,33.15,19.44,2.24
72,avarua,100,CK,1586533203,100,-21.21,-159.78,26.0,3.6
73,thinadhoo,0,MV,1586533226,59,0.53,72.93,29.46,1.64
74,bilibino,7,RU,1586533227,82,68.05,166.44,-24.8,0.94
75,saldanha,26,ZA,1586533227,74,-33.01,17.94,18.44,4.36
76,gornopravdinsk,100,RU,1586533208,94,60.05,69.9,2.72,3.7
77,inhambane,40,MZ,1586533113,73,-23.86,35.38,25.0,2.6
78,rognan,40,NO,1586533227,69,67.1,15.39,2.0,4.1
79,hillsborough,20,US,1586532998,76,37.57,-122.38,14.0,4.1
80,vaini,20,TO,1586533227,88,-21.2,-175.2,20.0,3.1
81,puerto rico,20,ES,1586533227,64,36.59,-6.23,22.0,4.1
82,uchana,25,IN,1586533227,19,29.47,76.17,30.25,2.64
83,pochutla,20,MX,1586533227,48,15.74,-96.47,31.67,4.81
84,toamasina,40,MG,1586533227,74,-18.17,49.38,27.0,5.1
85,chany,98,RU,1586533228,81,55.31,76.76,1.78,3.22
86,ahuimanu,75,US,1586533228,83,21.44,-157.84,22.0,1.5
87,lagoa,0,PT,1586533228,65,39.05,-27.98,16.93,1.56
88,hay river,88,GB,1586533228,46,52.07,-3.13,22.78,0.45
89,peniche,40,PT,1586533228,72,39.36,-9.38,20.0,3.6
90,sao geraldo do araguaia,0,IN,1586533228,11,20.51,76.21,32.25,1.89
91,nanortalik,100,GL,1586533204,80,60.14,-45.24,2.17,4.57
92,hovd,100,MN,1586533228,26,48.01,91.64,9.87,4.86
93,tezu,0,IN,1586533228,30,27.92,96.17,23.2,1.84
94,clarence town,90,US,1586533228,64,42.98,-78.59,5.0,8.2
95,tuatapere,0,NZ,1586533198,94,-46.13,167.68,6.67,0.89
96,narsaq,100,GL,1586533228,28,60.92,-46.05,6.0,21.1
97,sinop,0,TR,1586533229,49,41.77,34.87,8.33,2.55
98,dikson,100,RU,1586533229,97,73.51,80.55,-7.82,3.0
99,ribeira grande,75,ES,1586533229,100,42.75,-8.44,15.56,2.1
100,svetlogorsk,72,BY,1586533229,48,52.63,29.73,9.09,5.24
101,castro,70,BR,1586533229,45,-24.79,-50.01,19.87,1.59
102,ler,77,SS,1586533229,29,8.3,30.14,36.08,0.91
103,stromness,20,GB,1586533229,87,58.97,-3.3,9.0,3.1
104,arman,0,RU,1586533230,89,59.7,150.17,-7.78,0.9
105,freeport,90,US,1586533166,45,40.66,-73.58,8.33,10.8
106,kingston,20,JM,1586533230,66,18.0,-76.79,30.0,2.1
107,tiksi,91,RU,1586533230,92,71.69,128.87,-4.34,10.02
108,ukiah,1,US,1586533035,76,39.15,-123.21,12.78,0.69
109,butaritari,100,KI,1586533230,73,3.07,172.79,28.67,2.99
110,maceio,40,BR,1586533230,62,-9.67,-35.74,32.0,4.1
111,turukhansk,100,RU,1586533230,90,65.82,87.98,0.62,10.19
112,mataura,12,NZ,1586533230,95,-46.19,168.86,6.67,0.89
113,provideniya,100,RU,1586533231,92,64.38,-173.3,-12.83,6.23
114,qaanaaq,0,GL,1586533231,82,77.48,-69.36,-13.57,1.22
115,laguna,1,US,1586533231,93,38.42,-121.42,13.89,0.86
116,namyslow,34,PL,1586533231,28,51.08,17.72,15.0,2.1
117,ilulissat,40,GL,1586533231,50,69.22,-51.1,1.0,7.7
118,bluff,19,NZ,1586533231,95,-46.6,168.33,6.67,0.89
119,havre-saint-pierre,90,CA,1586533231,59,50.23,-63.6,1.0,8.7
120,arraial do cabo,1,BR,1586533231,41,-22.84,-46.65,24.0,3.1
121,saint-georges,20,GD,1586533231,79,12.06,-61.75,29.0,7.7
122,avera,1,US,1586533182,23,33.19,-82.53,18.0,8.2
123,jefferson city,1,US,1586533232,48,38.18,-85.65,8.33,5.1
124,maumere,4,ID,1586533232,74,-8.62,122.21,26.82,2.2
125,portland,20,US,1586532998,76,45.52,-122.68,11.11,2.1
126,bredasdorp,0,ZA,1586533232,49,-34.53,20.04,23.0,5.7
127,port hardy,68,CD,1586533224,55,-7.03,29.76,26.07,2.54
128,usinsk,88,RU,1586533232,93,65.99,57.53,-5.91,4.01
129,ligayan,2,PH,1586533232,71,4.65,119.47,28.48,3.76
130,yeniseysk,36,RU,1586533232,93,58.45,92.17,-0.29,2.73
131,vila velha,75,PT,1586533232,93,42.03,-8.16,15.56,2.6
132,njombe,52,TZ,1586533233,55,-9.33,34.77,16.65,3.36
133,marawi,36,PH,1586533233,75,8.0,124.29,19.98,0.64
134,saint-ambroise,75,CA,1586533233,44,48.55,-71.33,3.0,3.41
135,bambous virieux,40,MU,1586533233,78,-20.26,57.41,26.0,6.2
136,assare,93,BR,1586533233,60,-6.87,-39.88,29.26,1.52
137,noyabrsk,100,RU,1586533233,88,63.2,75.45,1.07,7.69
138,balkanabat,69,TM,1586533233,32,39.51,54.37,16.15,1.44
139,nyurba,18,RU,1586533233,94,63.28,118.33,-1.31,3.37
140,puerto del rosario,20,ES,1586533233,64,36.59,-6.23,22.0,4.1
141,yamada,17,JP,1586533234,81,39.47,141.95,2.54,2.59
142,tuktoyaktuk,75,CA,1586533196,83,69.45,-133.04,-21.0,4.1
143,ponta do sol,40,PT,1586533234,77,38.73,-28.27,19.0,3.6
144,hofn,100,IS,1586533124,88,64.25,-15.21,3.18,4.74
145,ahipara,37,NZ,1586533234,78,-35.17,173.17,14.93,1.3
146,antalaha,13,MG,1586533232,82,-14.9,50.28,25.79,5.14
147,hambantota,11,LK,1586533234,78,6.12,81.12,27.93,4.02
148,necochea,0,AR,1586533234,56,-38.55,-58.74,22.22,4.92
149,ocos,5,GT,1586533234,70,14.51,-92.19,31.0,2.6
150,sirohi,8,IN,1586533234,15,24.88,72.87,30.79,2.38
151,medina,15,SA,1586532975,5,24.47,39.61,30.0,6.7
152,becsehely,2,HU,1586533234,32,46.45,16.78,22.78,5.1
153,haines junction,1,US,1586533234,82,59.23,-135.44,0.0,5.1
154,hami,0,CN,1586533234,16,42.8,93.45,16.66,6.72
155,mirnyy,2,RU,1586533235,58,62.54,113.96,-1.0,3.0
156,nagato,40,JP,1586533235,57,34.38,131.2,10.0,3.6
157,outlook,100,CA,1586533235,77,51.5,-107.05,3.33,1.79
158,mapimi,75,MX,1586533235,38,25.82,-103.85,25.0,2.6
159,kaohsiung,20,TW,1586533235,73,22.62,120.31,23.89,1.29
160,mount gambier,100,GB,1586533051,46,53.66,-1.85,22.22,3.1
161,montepuez,4,MZ,1586533235,79,-13.13,39.0,22.82,2.93
162,nikolskoye,40,RU,1586533235,60,59.7,30.79,5.0,8.0
163,didao,94,CN,1586533235,56,45.37,130.8,5.52,2.08
164,wick,99,GB,1586533235,87,58.43,-3.08,9.0,3.6
165,petropavlovsk-kamchatskiy,75,RU,1586533192,79,53.05,158.65,-2.0,1.0
166,rio gallegos,0,GR,1586533235,52,38.3,21.78,19.0,1.5
167,mar del plata,75,ES,1586533235,88,43.4,-4.01,17.0,1.0
168,benghazi,0,LY,1586533235,60,32.12,20.07,16.93,6.54
169,syracuse,25,IT,1586533236,55,37.09,15.28,20.0,4.6
170,gizo,37,SB,1586533236,81,-8.1,156.84,27.32,3.22
171,komsomolskiy,91,UZ,1586533236,57,40.43,71.72,11.0,2.1
172,corlu,0,TR,1586533236,44,41.16,27.8,15.56,3.1
173,barra patuca,97,BR,1586533085,60,-11.09,-43.14,28.22,2.52
174,govindgarh,37,IN,1586533236,16,27.5,76.98,31.46,1.68
175,gamba,75,GA,1586533236,82,-2.65,10.0,28.01,5.26
176,mizdah,16,LY,1586533236,21,31.45,12.98,21.42,1.65
177,kizilskoye,0,RU,1586533237,57,52.73,58.89,5.57,3.22
178,mahebourg,40,MU,1586533237,78,-20.41,57.7,26.0,6.2
179,airai,58,TL,1586533237,73,-8.93,125.41,16.13,0.65
180,saint-augustin,95,CA,1586533237,91,51.23,-58.65,0.31,7.6
181,kango,73,GA,1586533237,62,0.19,10.1,32.16,1.53
182,orikum,0,AL,1586533237,67,40.33,19.47,16.86,5.72
183,bethel,90,US,1586533237,48,41.37,-73.41,8.33,6.7
184,puerto ayacucho,20,ES,1586533233,64,36.59,-6.23,22.0,4.1
185,minot,75,US,1586532988,41,48.23,-101.3,4.44,6.2
186,san pedro,60,ML,1586533039,6,13.3,-4.9,40.99,1.47
187,newport,76,GB,1586533234,40,51.59,-3.0,22.78,4.6
188,fairbanks,90,US,1586533201,66,64.84,-147.72,-8.89,1.42
189,vanavara,100,RU,1586533238,83,60.34,102.28,0.35,1.21
190,kalabo,98,ZM,1586533233,52,-14.97,22.68,24.73,3.47
191,auki,1,SB,1586533238,79,-8.77,160.7,27.06,2.27
192,xichang,18,CN,1586533238,39,27.9,102.26,14.1,1.3
193,kalmunai,69,LK,1586533238,73,7.42,81.82,28.16,4.44
194,puerto castilla,20,ES,1586533227,64,36.59,-6.23,22.0,4.1
195,bathsheba,20,BB,1586533238,62,13.22,-59.52,30.0,7.7
196,rio bueno,0,GR,1586533239,52,38.3,21.78,19.0,1.5
197,nam tha,91,CN,1586533239,11,29.42,90.91,7.87,1.74
198,bowen,81,AU,1586533239,88,-20.02,148.23,21.67,0.5
199,sao joao da barra,0,IN,1586533239,11,20.51,76.21,32.25,1.89
200,bakel,0,SN,1586533239,6,14.9,-12.46,41.83,1.2
201,kim,75,TJ,1586533239,30,40.21,70.47,14.0,6.0
202,guantanamo,40,CU,1586533239,78,20.14,-75.21,29.0,3.1
203,lazaro cardenas,0,DO,1586533239,60,19.46,-71.33,32.22,0.45
204,chokurdakh,81,RU,1586533200,97,70.63,147.92,-2.93,4.66
205,vila do maio,75,PT,1586533240,93,42.03,-8.16,15.56,2.6
206,pringsewu,86,ID,1586533240,86,-5.36,104.97,24.52,1.99
207,vostok,67,RU,1586533240,76,46.49,135.88,-1.99,1.51
208,tilichiki,36,RU,1586533191,91,60.47,166.1,-16.64,2.84
209,evensk,5,RU,1586533240,84,61.95,159.23,-13.94,3.38
210,severo-kurilsk,85,RU,1586533240,95,50.68,156.12,-0.2,7.64
211,port hedland,68,CD,1586533224,55,-7.03,29.76,26.07,2.54
212,torbay,90,CA,1586533240,91,47.67,-52.73,0.56,10.8
213,lima,90,PE,1586533088,88,-12.04,-77.03,22.0,1.5
214,taoudenni,0,ML,1586533241,6,22.68,-3.98,41.09,2.01
215,port blair,68,CD,1586533241,55,-7.03,29.76,26.07,2.54
216,abu dhabi,12,IN,1586533241,15,24.6,72.7,25.3,2.71
217,alofi,100,NU,1586533186,83,-19.06,-169.92,24.0,2.1
218,kiunga,100,PG,1586533241,96,-6.12,141.29,23.25,0.51
219,itarema,100,BR,1586533241,72,-2.92,-39.92,29.85,4.0
220,salalah,20,OM,1586532967,74,17.02,54.09,28.0,3.6
221,port elizabeth,68,CD,1586533226,55,-7.03,29.76,26.07,2.54
222,iquitos,75,PE,1586533241,83,-3.75,-73.25,27.0,1.5
223,taguatinga,56,BR,1586533241,66,-12.39,-46.57,28.71,2.6
224,alice springs,90,US,1586533241,83,27.75,-98.07,23.0,5.7
225,saint-francois,0,FR,1586533242,22,46.42,3.91,24.0,2.1
226,chicama,67,PE,1586533242,88,-7.84,-79.15,21.0,4.6
227,krasnyy,63,RU,1586533242,51,54.57,31.43,7.78,5.92
228,panama city,20,PA,1586533242,70,9.0,-80.0,32.22,6.2
229,pisco,8,PE,1586533242,30,-13.7,-76.22,23.89,3.1
230,nara,43,JP,1586533242,65,34.69,135.8,8.0,6.2
231,koutsouras,0,GR,1586533243,58,35.03,25.95,16.47,5.6
232,orchard homes,75,CA,1586533243,64,43.4,-79.79,6.11,8.7
233,nome,90,US,1586533243,85,64.5,-165.41,-6.0,2.31
234,solt,45,HU,1586533243,39,46.8,19.0,21.0,4.1
235,socorro,20,US,1586533198,18,31.65,-106.3,20.56,2.1
236,pouso alegre,75,ES,1586533243,100,42.66,-8.99,15.56,2.1
237,lebu,36,CL,1586533243,61,-37.62,-73.65,16.09,1.18
238,coahuayana,5,MX,1586533243,34,18.73,-103.68,28.0,2.6
239,koutiala,22,ML,1586533037,10,12.39,-5.46,40.18,2.81
240,orkney,100,ZA,1586533244,23,-26.98,26.67,25.28,2.63
241,vila franca do campo,75,PT,1586533244,93,42.03,-8.16,15.56,2.6
242,japura,49,ID,1586533244,94,-0.32,102.35,23.97,0.91
243,pervomayskiy,100,RU,1586533210,72,53.25,40.29,7.44,3.3
244,pangnirtung,0,CA,1586533244,82,66.15,-65.71,-6.4,0.5
245,palatka,20,US,1586533244,43,29.65,-81.64,24.44,2.6
246,kutum,20,SD,1586533244,9,14.2,24.67,33.98,3.46
247,savannah bight,1,US,1586533244,30,32.08,-81.1,22.0,8.2
248,qena,0,EG,1586533244,20,26.16,32.72,24.73,8.41
249,khanpur,50,PK,1586533244,22,28.65,70.66,31.71,2.86
250,abalak,86,RU,1586533244,94,58.13,68.59,1.97,3.5
251,wuda,0,CN,1586533244,30,39.5,106.71,6.76,4.7
252,lakes entrance,1,US,1586533244,53,61.61,-149.31,-6.0,4.6
253,tasiilaq,20,GL,1586533244,68,65.61,-37.64,-3.0,0.5
254,yulara,0,AU,1586533245,33,-25.24,130.99,17.0,1.5
255,bilma,6,NE,1586533245,8,18.69,12.92,36.01,4.45
256,namibe,4,AO,1586533245,51,-15.2,12.15,27.31,7.98
257,dongsheng,64,CN,1586533245,34,39.82,109.98,4.29,4.88
258,oranjemund,0,NA,1586533245,50,-28.55,16.43,19.8,6.09
259,corowa,90,AU,1586533245,87,-36.03,146.38,15.0,5.1
260,blatec,0,MK,1586533246,31,41.84,22.58,17.87,2.4
261,vila,75,PT,1586533246,93,42.03,-8.16,15.56,2.6
262,meulaboh,91,ID,1586533227,80,4.14,96.13,26.97,0.6
263,malabo,36,GQ,1586533202,75,3.75,8.78,28.12,3.27
264,sinnamary,73,GF,1586533214,74,5.38,-52.95,27.93,6.2
265,flinders,0,AU,1586533214,72,-34.58,150.86,17.78,9.8
266,bandarbeyla,0,SO,1586533246,62,9.49,50.81,27.97,5.17
267,chuy,7,UY,1586533246,58,-33.7,-53.46,20.65,3.86
268,mahibadhoo,21,MV,1586533246,69,3.78,72.97,29.44,1.82
269,kruisfontein,99,ZA,1586533247,43,-34.0,24.73,20.65,2.27
270,sola,34,VU,1586533247,77,-13.88,167.55,26.81,7.71
271,comodoro rivadavia,69,BR,1586533247,49,-13.66,-59.79,26.73,1.63
272,celestun,96,MX,1586533247,60,20.87,-90.4,27.18,5.12
273,qujing,1,CN,1586533247,36,25.48,103.78,14.04,4.29
274,brigantine,40,US,1586533247,34,39.41,-74.36,9.0,13.9
275,kodiak,1,US,1586533185,79,57.79,-152.41,-5.0,2.6
276,cayenne,75,GF,1586533071,70,4.93,-52.33,30.0,6.2
277,namtsy,100,RU,1586533247,34,62.72,129.67,9.0,8.0
278,boa vista,66,CM,1586533247,63,4.43,8.97,30.56,4.0
279,owensboro,1,US,1586533226,42,37.77,-87.11,7.22,6.2
280,vardo,100,NO,1586533247,91,70.37,31.11,-0.92,9.01
281,erzin,40,TR,1586533247,63,36.96,36.2,18.0,7.2
282,remedios,2,CU,1586533248,48,22.49,-79.55,31.0,2.6
283,gilleleje,21,DK,1586533248,65,56.12,12.31,10.56,5.1
284,maloyaroslavets,20,RU,1586533248,36,55.01,36.47,8.0,5.0
285,ulagan,96,RU,1586533248,61,50.63,87.96,-1.98,0.42
286,sur,77,OM,1586533185,51,22.57,59.53,30.48,4.76
287,almenara,95,BR,1586533248,76,-16.18,-40.69,25.88,1.52
288,arcos,89,BR,1586533248,62,-20.28,-45.54,24.56,1.44
289,alyangula,90,AU,1586533248,100,-13.85,136.42,24.0,4.13
290,havelock,40,US,1586533138,36,34.88,-76.9,17.0,6.2
291,faya,20,SA,1586533248,56,18.39,42.45,22.0,3.6
292,fuerte olimpo,64,PH,1586533248,71,17.54,120.36,26.34,1.62
293,kokopo,92,PG,1586533249,78,-4.35,152.26,26.25,1.13
294,stony plain,99,PL,1586533249,36,53.98,17.8,13.89,5.1
295,netishyn,0,UA,1586533249,18,50.34,26.64,12.0,6.0
296,faanui,9,PF,1586533249,75,-16.48,-151.75,28.1,4.15
297,pegnitz,8,DE,1586533249,32,49.76,11.54,21.67,2.1
298,lethem,95,GY,1586533249,48,3.38,-59.8,32.74,3.98
299,lompoc,20,US,1586533249,93,34.64,-120.46,11.67,2.62
300,margate,30,GB,1586533187,71,51.38,1.39,19.44,4.1
301,atambua,5,ID,1586533250,76,-9.11,124.89,23.35,2.06
302,carnarvon,56,AU,1586533250,100,-24.87,113.63,25.0,5.7
303,buala,28,SB,1586533240,79,-8.14,159.59,27.57,2.31
304,cabedelo,75,BR,1586533250,66,-6.98,-34.83,30.0,2.6
305,mastic beach,90,US,1586533043,45,40.8,-72.84,8.0,9.8
306,kuala kedah,40,ID,1586533250,94,3.38,98.62,27.0,1.5
307,goderich,97,CA,1586533250,83,43.75,-81.72,2.22,7.15
308,hamilton,40,US,1586533250,52,39.18,-84.53,7.22,5.7
309,elk city,67,PL,1586533250,94,53.83,22.36,10.56,4.54
310,korla,86,CN,1586533250,22,41.76,86.15,15.31,5.25
311,ayan,0,RU,1586533251,91,56.45,138.17,-2.14,3.58
312,victoria,40,HK,1586533238,83,22.29,114.16,22.22,4.6
313,naqadeh,0,IR,1586533100,35,36.96,45.39,11.59,4.03
314,fort nelson,100,NL,1586533251,43,52.65,6.39,16.67,4.1
315,jimo,100,CN,1586533251,81,36.39,120.46,9.44,1.0
316,mys shmidta,100,RU,1586533251,93,62.06,48.62,0.27,4.26
317,port keats,68,CD,1586533251,55,-7.03,29.76,26.07,2.54
318,coquimbo,93,CL,1586533215,60,-29.95,-71.34,20.0,3.6
319,altay,35,CN,1586533251,48,47.87,88.12,4.23,1.4
320,tazmalt,40,DZ,1586533251,72,36.39,4.4,18.0,2.1
321,nador,20,MA,1586533024,72,35.17,-2.93,19.0,3.6
322,padang,94,ID,1586533251,76,-0.95,100.35,26.4,0.68
323,hasaki,20,JP,1586533251,60,35.73,140.83,5.0,1.0
324,quesnel,90,CA,1586533251,72,53.0,-122.5,0.0,1.5
325,gayny,96,RU,1586533252,80,60.31,54.32,6.62,5.11
326,tateyama,6,JP,1586533252,45,34.98,139.87,9.44,8.7
327,bosobolo,19,CD,1586533252,46,4.18,19.9,32.49,0.5
328,puerto escondido,20,ES,1586533233,64,36.59,-6.23,22.0,4.1
329,birao,45,CF,1586533252,12,10.28,22.79,39.65,3.99
330,geraldton,7,AU,1586533252,60,-28.77,114.6,21.0,3.1
331,ixtapa,5,MX,1586533252,78,20.7,-105.2,25.0,1.62
332,puerto quijarro,20,ES,1586533233,64,36.59,-6.23,22.0,4.1
333,itoman,40,JP,1586533124,60,26.12,127.67,20.0,2.1
334,ossora,100,RU,1586533252,94,59.24,163.07,-11.14,1.76
335,mount darwin,100,GB,1586533224,46,53.66,-1.85,22.22,3.1
336,gat,40,IL,1586533201,77,31.61,34.76,16.11,3.6
337,utete,60,TZ,1586533253,90,-7.99,38.76,26.28,1.59
338,kontagora,99,NG,1586533253,26,10.4,5.47,33.67,3.35
339,grand-santi,93,GF,1586533253,84,4.25,-54.38,27.87,2.01
340,aleksandrovka,74,UA,1586533253,31,46.84,32.76,19.44,7.63
341,isangel,73,VU,1586533253,69,-19.55,169.27,24.48,4.45
342,kang,93,BW,1586533253,31,-23.68,22.79,25.08,4.0
343,scottsbluff,1,US,1586533253,45,41.87,-103.67,12.0,1.5
344,byron bay,1,US,1586533253,51,44.03,-92.65,4.44,2.6
345,vulcan,58,RO,1586533253,33,45.38,23.27,15.8,3.49
346,anadyr,75,RU,1586533254,83,64.75,177.48,-21.67,3.0
347,gisborne,91,NZ,1586533254,96,-38.65,178.0,12.78,1.34
348,sri aman,39,MA,1586533254,50,30.04,-8.8,25.0,5.7
349,codrington,96,AU,1586533254,79,-38.27,141.97,15.06,11.82
350,dunmore town,90,US,1586533254,48,41.42,-75.63,6.67,8.2
351,cidreira,12,BR,1586533254,67,-30.18,-50.21,20.27,4.28
352,manicore,93,BR,1586533254,62,-5.81,-61.3,30.85,0.86
353,sambava,3,MG,1586533255,82,-14.27,50.17,25.54,4.37
354,shelburne,90,CA,1586533255,69,44.08,-80.2,5.0,10.3
355,nanuet,75,US,1586533197,44,41.09,-74.01,8.33,9.8
356,sibolga,89,ID,1586533213,80,1.74,98.78,25.72,0.46
357,angoche,5,MZ,1586533255,79,-16.23,39.91,26.13,5.28
358,mabaruma,99,GY,1586533255,66,8.2,-59.78,28.44,3.21
359,roald,100,NO,1586533255,70,62.58,6.13,7.22,8.2
360,poum,57,NC,1586533255,74,-20.23,164.02,25.15,6.19
361,lufilufi,100,WS,1586533255,88,-13.87,-171.6,26.67,2.83
362,marathon,90,US,1586533255,50,44.9,-89.77,3.33,4.1
363,wairoa,94,NZ,1586533255,96,-39.03,177.37,12.78,1.34
364,yumen,1,CN,1586533255,20,40.28,97.2,8.58,10.34
365,beringovskiy,100,RU,1586533256,94,63.05,179.32,-13.9,6.57
366,monte azul,1,FR,1586533256,52,42.47,9.39,19.0,2.6
367,riyadh,100,SA,1586532961,10,24.69,46.72,38.0,4.1
368,saint-pierre,84,RE,1586533256,74,-21.34,55.48,26.0,8.7
369,kaitangata,43,NZ,1586533256,86,-46.28,169.85,12.22,1.82
370,sidi bin nur,21,CF,1586533256,42,5.08,19.88,34.06,0.9
371,qaqortoq,100,GL,1586533256,28,60.72,-46.03,6.0,21.1
372,talnakh,90,RU,1586533250,96,69.49,88.4,0.0,16.0
373,dengzhou,100,CN,1586533256,59,37.81,120.75,7.46,4.41
374,ouadda,60,CF,1586533256,23,8.08,22.4,35.21,1.5
375,paamiut,100,GL,1586533256,77,61.99,-49.67,2.6,5.85
376,iwaki,1,JP,1586533257,66,37.05,140.88,7.78,0.45
377,progreso,75,MX,1586533257,62,21.28,-89.67,31.67,5.1
378,shubarshi,91,KZ,1586533257,49,48.59,57.19,8.65,3.6
379,tautira,40,PF,1586533247,74,-17.73,-149.15,27.0,1.5
380,bosaso,0,SO,1586533257,61,11.28,49.18,29.56,3.07
381,mikuni,75,JP,1586533257,86,36.22,136.15,5.0,2.6
382,sakakah,40,SA,1586533257,26,29.97,40.21,21.0,4.1
383,boguchany,100,RU,1586533257,91,58.38,97.45,0.1,1.81
384,san cristobal,60,ML,1586533257,6,13.3,-4.9,40.99,1.47
385,svetlyy,82,RU,1586533257,29,54.67,20.13,10.0,5.0
386,lasa,5,IT,1586533257,31,46.62,10.7,26.0,2.6
387,nouadhibou,0,MR,1586533257,57,20.93,-17.03,25.0,9.8
388,lorengau,100,PG,1586533189,74,-2.02,147.27,28.18,2.19
389,camocim,88,BR,1586533258,80,-2.9,-40.84,29.24,2.76
390,minnedosa,90,CA,1586533258,64,50.25,-99.84,2.0,5.1
391,mukhen,80,RU,1586533258,72,48.1,136.1,2.08,3.56
392,anchorage,1,US,1586533258,57,61.22,-149.9,-6.0,1.56
393,tukrah,0,LY,1586533258,60,32.53,20.58,16.55,5.38
394,tessalit,65,ML,1586533250,6,20.2,1.01,40.43,4.97
395,abbeville,0,FR,1586533160,40,50.1,1.83,23.33,4.1
396,viedma,0,AR,1586533247,35,-40.81,-63.0,20.93,8.52
397,mulchen,90,CL,1586533258,100,-37.72,-72.23,8.0,1.37
398,marzuq,0,YE,1586533258,30,14.4,46.47,26.23,6.98
399,maragogi,0,BR,1586533258,57,-9.01,-35.22,30.75,3.41
400,honiara,75,SB,1586533258,94,-9.43,159.95,25.0,1.5
401,bengkulu,92,ID,1586533259,80,-3.8,102.27,25.71,0.94
402,dinguiraye,34,GN,1586533259,14,11.3,-10.72,40.31,1.96
403,ust-maya,14,RU,1586533259,96,60.42,134.53,-3.84,1.74
404,egvekinot,0,RU,1586533259,84,66.32,-179.17,-21.27,2.55
405,pfullendorf,0,DE,1586533259,30,47.92,9.25,22.78,3.1
406,aklavik,75,CA,1586533203,77,68.22,-135.01,-15.0,1.0
407,udachnyy,0,RU,1586533259,62,66.42,112.4,-4.0,5.0
408,rostusa,0,MK,1586533259,27,41.61,20.6,16.88,1.78
409,kununurra,90,AU,1586533136,94,-15.77,128.73,21.0,6.2
410,belaya gora,7,UA,1586533259,40,49.03,25.77,10.67,6.51
411,murray bridge,1,US,1586533260,81,40.67,-111.89,11.67,2.1
412,lata,40,PT,1586533260,72,40.16,-8.33,22.22,3.6
413,raga,55,SS,1586533260,19,8.46,25.68,37.7,1.42
414,ketchikan,20,US,1586533260,80,55.34,-131.65,4.0,6.2
415,swan river,97,PH,1586533260,82,18.22,121.38,24.41,2.67
416,yelizovo,75,RU,1586533260,79,53.19,158.38,-2.0,1.0
417,dillon,1,US,1586533198,49,34.42,-79.37,18.0,6.2
418,cockburn town,100,AU,1586533260,28,-32.08,141.0,20.0,4.6
419,berdigestyakh,100,RU,1586533260,85,62.1,126.7,0.81,4.85
420,tsiroanomandidy,27,MG,1586533260,56,-18.77,46.03,22.59,1.22
421,alta floresta,20,NO,1586533260,90,69.97,23.27,0.0,7.7
422,bontang,10,ID,1586533261,79,0.13,117.5,27.03,5.31
423,yurla,96,RU,1586533261,76,59.33,54.32,7.0,5.58
424,luwuk,0,ID,1586533261,71,-0.95,122.79,27.04,2.02
425,sembakung,42,ID,1586533261,84,3.82,117.25,24.97,1.19
426,evanston,40,US,1586533105,48,42.04,-87.69,6.11,4.6
427,makakilo city,1,US,1586532968,88,21.35,-158.09,22.0,1.5
428,iskateley,0,RU,1586533261,95,67.68,53.15,-7.58,3.56
429,markova,25,UA,1586533261,26,48.68,24.41,13.0,5.0
430,dwarka,0,IN,1586533261,75,22.24,68.97,26.45,5.38
431,nicoya,18,CR,1586533261,43,10.15,-85.45,33.0,3.6
432,praia,0,CV,1586533261,33,14.92,-23.51,32.0,7.7
433,birin,5,NP,1586533261,25,26.89,88.07,17.45,1.89
434,ostersund,75,SE,1586533262,69,63.18,14.64,1.0,5.1
435,clyde river,40,US,1586533262,52,41.3,-82.98,6.11,8.7
436,kirakira,30,SB,1586533262,79,-10.45,161.92,26.11,2.42
437,aleksandrov gay,27,RU,1586533262,57,56.4,38.71,6.25,3.69
438,kaeo,2,NZ,1586533262,93,-35.1,173.78,8.89,0.89
439,bollnas,100,SE,1586533262,31,61.35,16.39,8.89,2.68
440,ostrovnoy,40,RU,1586533262,94,68.05,39.51,-5.97,4.96
441,pitimbu,75,BR,1586533262,66,-7.47,-34.81,30.0,2.6
442,esperance,75,AU,1586533190,82,-33.87,121.9,17.0,3.6
443,sao jose da coroa grande,0,IN,1586533239,11,20.51,76.21,32.25,1.89
444,denpasar,75,ID,1586532979,94,-8.65,115.22,27.0,0.5
445,heyang,100,CN,1586533262,72,26.1,107.47,18.01,2.43
446,aksarka,0,RU,1586533262,91,66.56,67.8,-7.34,2.37
447,ulsteinvik,74,NO,1586533262,70,62.34,5.85,7.22,8.2
448,sharanga,97,RU,1586533263,76,57.18,46.54,5.99,4.78
449,ambilobe,1,MG,1586533187,75,-13.2,49.05,26.3,2.21
450,black river,1,US,1586533263,39,31.01,-85.74,18.33,5.1
451,izumo,75,JP,1586533263,86,35.37,132.77,5.0,3.1
452,richards bay,1,US,1586533263,69,46.84,-95.91,3.89,4.1
453,butte,1,US,1586533263,71,39.65,-121.57,13.0,1.12
454,oussouye,1,SN,1586533263,69,12.48,-16.55,37.0,3.1
455,ankazoabo,90,MG,1586533263,49,-22.28,44.52,27.08,4.64
456,saint-joseph,80,RE,1586533263,74,-21.37,55.62,26.0,8.7
457,ponca city,1,US,1586533263,44,42.56,-96.71,3.33,6.7
458,huangcun,100,CN,1586533263,82,30.01,118.4,14.83,1.88
459,homer,1,US,1586533250,79,59.64,-151.55,-1.11,1.72
460,sakaiminato,75,JP,1586533264,86,35.55,133.23,5.0,3.1
461,mhango,67,TZ,1586533264,57,-3.28,32.85,23.2,2.69
462,lavrentiya,95,RU,1586533182,90,65.58,-171.0,-15.86,3.75
463,huarmey,84,PE,1586533264,67,-10.07,-78.15,25.46,2.46
464,camacha,20,PT,1586533264,64,33.08,-16.33,21.0,4.6
465,san bartolome,60,ML,1586533264,6,13.3,-4.9,40.99,1.47
466,odessa,42,UA,1586533090,28,46.48,30.73,20.0,9.0
467,severnyy,75,RU,1586533264,71,50.68,36.55,10.0,6.0
468,kochi,40,IN,1586533264,74,9.94,76.26,31.0,1.0
469,pasni,0,PK,1586533264,56,25.26,63.47,28.11,4.96
470,merauke,98,ID,1586533264,90,-8.47,140.33,25.3,3.87
471,kieta,52,PG,1586533234,80,-6.22,155.63,26.52,1.55
472,tiarei,40,PF,1586533265,74,-17.53,-149.33,27.0,1.5
473,grand river south east,1,US,1586533265,26,38.88,-109.5,13.33,1.28
474,secovce,15,SK,1586533265,26,48.7,21.66,18.0,6.7
475,mwene-ditu,83,CD,1586533265,69,-7.0,23.45,22.66,2.26
476,beloha,30,MG,1586533265,73,-25.17,45.05,22.49,9.12
477,turbat,0,PK,1586533265,21,26.0,63.04,33.77,6.88
478,puerto carreno,20,ES,1586533233,64,36.59,-6.23,22.0,4.1
479,gravdal,94,NO,1586533265,80,68.12,13.5,1.37,8.78
480,wattegama,60,LK,1586533265,82,6.8,81.48,25.16,0.96
481,les cayes,75,ES,1586533265,44,42.81,0.71,21.11,0.45
482,maneadero,95,MX,1586533266,86,31.72,-116.57,13.89,2.68
483,san jose del guaviare,60,ML,1586533257,6,13.3,-4.9,40.99,1.47
484,gushikawa,1,JP,1586533266,87,26.35,127.87,20.0,2.1
485,mgandu,45,TZ,1586533266,54,-5.95,34.13,21.13,2.91
486,wad madani,100,RU,1586533266,75,55.53,44.21,6.93,3.09
487,sorgun,0,TR,1586533266,33,39.81,35.19,9.74,6.24
488,liku,2,ID,1586533266,80,-0.73,119.89,24.58,0.33
489,coronado,90,US,1586533266,87,32.69,-117.18,14.0,8.2
490,agadir,47,MA,1586533262,50,30.42,-9.6,25.0,5.7
491,mujiayingzi,0,CN,1586533266,41,42.12,118.78,6.17,2.36
492,wajid,83,SO,1586533266,43,3.81,43.25,31.29,4.43
493,saquena,100,PE,1586533267,71,-4.67,-73.52,29.33,1.19
494,sulangan,12,PH,1586533267,78,11.14,123.72,27.56,4.71
495,canaries,40,ES,1586533267,53,28.0,-15.5,24.0,12.3
496,sabang,100,ID,1586533267,76,5.89,95.32,28.82,4.64
497,monticello,1,US,1586533267,69,45.31,-93.79,4.44,3.03
498,oistins,20,BB,1586533267,62,13.07,-59.53,30.0,7.7
499,charters towers,40,US,1586533267,56,38.57,-83.43,6.67,5.1
500,inirida,100,CO,1586533267,93,3.87,-67.92,24.64,1.41
501,bambanglipuro,4,ID,1586533267,83,-7.95,110.28,27.02,3.11
502,enumclaw,40,US,1586533140,75,47.2,-121.99,10.0,2.6
503,sorong,22,ID,1586533268,83,-0.88,131.25,24.9,1.4
504,kulunda,3,RU,1586533268,60,52.57,78.94,5.05,2.95
505,yatou,100,CN,1586533268,64,37.15,122.38,6.87,4.1
506,tamluk,40,IN,1586533268,83,22.3,87.92,28.0,5.1
507,gondanglegi,27,ID,1586533268,89,-7.75,112.01,24.72,1.93
508,santa vitoria do palmar,69,PH,1586533268,71,17.49,120.43,25.98,1.63
509,robertsport,5,LR,1586533268,65,6.75,-11.37,29.23,3.23
510,beyneu,8,KZ,1586533207,44,45.32,55.2,10.81,6.2
511,passo fundo,20,ID,1586533268,94,-3.63,128.25,26.0,3.1
512,ancud,90,CL,1586533225,100,-41.87,-73.82,13.0,3.6
513,maniitsoq,24,GL,1586533268,83,65.42,-52.9,1.79,2.86
514,mopipi,99,BW,1586533269,30,-21.18,24.88,27.85,3.37
515,sovetsk,79,RU,1586533269,53,55.08,21.88,8.36,5.54
516,pozo colorado,0,CU,1586533269,48,22.45,-80.18,31.0,2.6
517,gazanjyk,27,TM,1586533269,32,39.24,55.52,17.13,4.36
518,sioux lookout,20,US,1586533269,55,42.73,-96.23,4.0,5.7
519,yaviza,99,PA,1586533269,80,8.15,-77.69,28.77,1.25
520,pataskala,40,US,1586533109,48,40.0,-82.67,6.11,9.3
521,makabe,20,JP,1586533269,64,36.27,140.1,11.11,0.5
522,san ramon,60,ML,1586533221,6,13.3,-4.9,40.99,1.47
523,high level,1,US,1586533269,38,33.61,-95.75,17.0,5.1
524,isiolo,99,KE,1586533270,43,0.35,37.58,24.9,5.52
525,sabalgarh,0,IN,1586533270,14,26.25,77.4,31.53,0.33
526,diamantino,13,BR,1586533270,59,-14.41,-56.45,28.87,2.32
527,kitzingen,20,DE,1586533270,30,49.73,10.17,21.67,3.6
528,noumea,84,NC,1586533184,72,-22.28,166.46,18.0,0.5
529,concarneau,0,FR,1586533270,40,47.88,-3.92,24.0,4.6
530,miraflores,5,MX,1586533270,35,19.22,-98.81,26.0,0.85
531,werda,86,BW,1586533270,28,-25.27,23.28,27.35,4.03
532,garowe,0,SO,1586533270,27,8.41,48.48,32.75,2.53
533,emerald,99,AU,1586533206,73,-23.53,148.17,21.0,0.5
534,tura,0,IN,1586533270,33,25.52,90.22,24.33,1.1
535,xuanzhou,100,CN,1586533271,87,30.95,118.76,14.98,4.53
536,asau,20,RO,1586533204,34,46.43,26.4,18.0,7.2
537,bouza,100,NE,1586533271,15,14.42,6.04,36.21,4.54
538,villa corona,61,IT,1586533271,26,46.2,10.13,23.89,3.1
539,riberalta,75,BO,1586533271,58,-10.98,-66.1,28.0,5.1
540,kitob,100,UZ,1586533271,39,39.08,66.83,13.58,0.67
541,marrakesh,57,MA,1586533271,34,31.63,-8.01,27.0,3.1
542,masaka,35,UG,1586533271,47,-0.33,31.73,24.2,4.21
543,navahrudak,40,BY,1586533271,47,53.6,25.83,7.87,5.15
544,seoul,90,KR,1586533271,66,37.57,126.98,9.0,1.43
545,caravelas,70,BR,1586533271,77,-17.71,-39.25,26.97,6.48
546,chapais,1,CA,1586533271,47,49.78,-74.85,2.0,3.6
547,praia da vitoria,0,CV,1586533272,33,14.92,-23.51,32.0,7.7
548,linxia,98,CN,1586533272,24,35.6,103.21,7.02,1.85
549,pimentel,90,PE,1586533272,29,-6.84,-79.93,19.0,1.0
550,port alberni,68,CD,1586533226,55,-7.03,29.76,26.07,2.54
551,olga,51,RU,1586533272,75,43.74,135.29,3.48,1.68
